creditoBase,cliente,status,error
01010214112420,,fallido,ECONNREFUSED
01010214118250,,fallido,ECONNREFUSED
01010214118260,,fallido,ECONNREFUSED
01010214118270,,fallido,ECONNREFUSED
01010214118280,,fallido,ECONNREFUSED
01010214118290,,fallido,ECONNREFUSED
01010214118300,,fallido,ECONNREFUSED
01010214118310,,fallido,ECONNREFUSED
01010214118330,,fallido,ECONNREFUSED
01010214118340,,fallido,ECONNREFUSED
01010214118350,,fallido,ECONNREFUSED
01010214118360,,fallido,ECONNREFUSED
01010214118370,,fallido,ECONNREFUSED
01010214118380,,fallido,ECONNREFUSED
01010214118390,,fallido,ECONNREFUSED
01010214118400,,fallido,ECONNREFUSED
01010214118420,,fallido,ECONNREFUSED
01010214118430,,fallido,ECONNREFUSED
01010214118440,,fallido,ECONNREFUSED
01010214118500,,fallido,ECONNREFUSED
01010214118510,,fallido,ECONNREFUSED
01010214118520,,fallido,ECONNREFUSED
01010214118530,,fallido,ECONNREFUSED
01010214118540,,fallido,ECONNREFUSED
01010214118550,,fallido,ECONNREFUSED
01010214118560,,fallido,ECONNREFUSED
01010214116750,,fallido,ECONNREFUSED
01010214115880,,fallido,ECONNREFUSED
01010214110700,,fallido,ECONNREFUSED
01010214109550,,fallido,ECONNREFUSED
01010214109920,,fallido,ECONNREFUSED
01010214117170,,fallido,ECONNREFUSED
01010214108280,,fallido,ECONNREFUSED
01010214108540,,fallido,ECONNREFUSED
01010214114640,,fallido,ECONNREFUSED
01010214113320,,fallido,ECONNREFUSED
01010214111980,,fallido,ECONNREFUSED
01010214110030,,fallido,ECONNREFUSED
01010214110180,,fallido,ECONNREFUSED
01010214114830,,fallido,ECONNREFUSED
01010214110670,,fallido,ECONNREFUSED
01010214118180,,fallido,ECONNREFUSED
01010214116540,,fallido,ECONNREFUSED
01010214117310,,fallido,ECONNREFUSED
01010214116830,,fallido,ECONNREFUSED
01010214114590,,fallido,ECONNREFUSED
01010214113510,,fallido,ECONNREFUSED
01010214112670,,fallido,ECONNREFUSED
01010214109580,,fallido,ECONNREFUSED
01010214117300,,fallido,ECONNREFUSED
01010214110120,,fallido,ECONNREFUSED
01010214112050,,fallido,ECONNREFUSED
01010214114670,,fallido,ECONNREFUSED
01010214115480,,fallido,ECONNREFUSED
01010214110140,,fallido,ECONNREFUSED
01010214115840,,fallido,ECONNREFUSED
01010214114960,,fallido,ECONNREFUSED
01010214111050,,fallido,ECONNREFUSED
01010214112540,,fallido,ECONNREFUSED
01010214114400,,fallido,ECONNREFUSED
01010214115320,,fallido,ECONNREFUSED
01010214116950,,fallido,ECONNREFUSED
01010214110850,,fallido,ECONNREFUSED
01010214110320,,fallido,ECONNREFUSED
01010214116680,,fallido,ECONNREFUSED
01010214117390,,fallido,ECONNREFUSED
01010202110610,,fallido,ECONNREFUSED
01010214113330,,fallido,ECONNREFUSED
01010214117260,,fallido,ECONNREFUSED
01010214114410,,fallido,ECONNREFUSED
01010214117270,,fallido,ECONNREFUSED
01010214117790,,fallido,ECONNREFUSED
01010214115360,,fallido,ECONNREFUSED
01010214113450,,fallido,ECONNREFUSED
01010214111550,,fallido,ECONNREFUSED
01010214110820,,fallido,ECONNREFUSED
01010214111790,,fallido,ECONNREFUSED
01010214117250,,fallido,ECONNREFUSED
01010214110750,,fallido,ECONNREFUSED
01010214116140,,fallido,ECONNREFUSED
01010214118070,,fallido,ECONNREFUSED
01010214116730,,fallido,ECONNREFUSED
01010214111210,,fallido,ECONNREFUSED
01010214116180,,fallido,ECONNREFUSED
01010214117280,,fallido,ECONNREFUSED
01010214111630,,fallido,ECONNREFUSED
01010214110950,,fallido,ECONNREFUSED
01010214117500,,fallido,ECONNREFUSED
01010214112220,,fallido,ECONNREFUSED
01010214118230,,fallido,ECONNREFUSED
01010214112130,,fallido,ECONNREFUSED
01010214113290,,fallido,ECONNREFUSED
01010214116610,,fallido,ECONNREFUSED
01010214110530,,fallido,ECONNREFUSED
01010214117430,,fallido,ECONNREFUSED
01010214115720,,fallido,ECONNREFUSED
01010214115810,,fallido,ECONNREFUSED
01010214118140,,fallido,ECONNREFUSED
01010214110060,,fallido,ECONNREFUSED
01010214109990,,fallido,ECONNREFUSED
01010214117760,,fallido,ECONNREFUSED
01010214112710,,fallido,ECONNREFUSED
01010214111800,,fallido,ECONNREFUSED
01010214112800,,fallido,ECONNREFUSED
01010214117860,,fallido,ECONNREFUSED
01010214111950,,fallido,ECONNREFUSED
01010214114970,,fallido,ECONNREFUSED
01010214110720,,fallido,ECONNREFUSED
01010214112830,,fallido,ECONNREFUSED
01010214111180,,fallido,ECONNREFUSED
01010214110990,,fallido,ECONNREFUSED
01010214115330,,fallido,ECONNREFUSED
01010214115410,,fallido,ECONNREFUSED
01010214116620,,fallido,ECONNREFUSED
01010214114420,,fallido,ECONNREFUSED
01010214114420:3,,fallido,ECONNREFUSED
01010214112720,,fallido,ECONNREFUSED
01010214114060,,fallido,ECONNREFUSED
01010214115340,,fallido,ECONNREFUSED
01010214113440,,fallido,ECONNREFUSED
01010214116600,,fallido,ECONNREFUSED
01010214115310,,fallido,ECONNREFUSED
01010214115830,,fallido,ECONNREFUSED
01010214111560,,fallido,ECONNREFUSED
01010214111750,,fallido,ECONNREFUSED
01010214114540,,fallido,ECONNREFUSED
01010214116940,,fallido,ECONNREFUSED
01010214114650,,fallido,ECONNREFUSED
01010214115370,,fallido,ECONNREFUSED
01010214109680,,fallido,ECONNREFUSED
01010407301690,,fallido,ECONNREFUSED
01010214113520,,fallido,ECONNREFUSED
01010214115290,,fallido,ECONNREFUSED
01010214116430,,fallido,ECONNREFUSED
01010214110680,,fallido,ECONNREFUSED
01010214116700,,fallido,ECONNREFUSED
01010214111070,,fallido,ECONNREFUSED
01010202112730,,fallido,ECONNREFUSED
01010411301780,,fallido,ECONNREFUSED
01010202101380,,fallido,ECONNREFUSED
01010214109570,,fallido,ECONNREFUSED
01010214110450,,fallido,ECONNREFUSED
01010214116650,,fallido,ECONNREFUSED
01010214118600,,fallido,ECONNREFUSED
01010214118610,,fallido,ECONNREFUSED
01010214118630,,fallido,ECONNREFUSED
01010214118640,,fallido,ECONNREFUSED
01010214118650,,fallido,ECONNREFUSED
01010214118660,,fallido,ECONNREFUSED
01010214118670,,fallido,ECONNREFUSED
01010214118680,,fallido,ECONNREFUSED
01010214118690,,fallido,ECONNREFUSED
01010214118700,,fallido,ECONNREFUSED
01010214112780,,fallido,ECONNREFUSED
01010214114820,,fallido,ECONNREFUSED
01010214111020,,fallido,ECONNREFUSED
01010214110330,,fallido,ECONNREFUSED
01010214106590,,fallido,ECONNREFUSED
01010214115420,,fallido,ECONNREFUSED
01010214108640,,fallido,ECONNREFUSED
01010214114550,,fallido,ECONNREFUSED
01010214117000,,fallido,ECONNREFUSED
01010214112180,,fallido,ECONNREFUSED
01010214118710,,fallido,ECONNREFUSED
01010214118720,,fallido,ECONNREFUSED
01010202118830,,fallido,ECONNREFUSED
01010214114800,,fallido,ECONNREFUSED
01010214103620,,fallido,ECONNREFUSED
01010214115710,,fallido,ECONNREFUSED
01010214110710,,fallido,ECONNREFUSED
01010214111940,,fallido,ECONNREFUSED
01010214110600,,fallido,ECONNREFUSED
01010214104200,,fallido,ECONNREFUSED
01010214110770,,fallido,ECONNREFUSED
01010214113790,,fallido,ECONNREFUSED
01010214117870,,fallido,ECONNREFUSED
01010214116560,,fallido,ECONNREFUSED
01010214117460,,fallido,ECONNREFUSED
01010214112120,,fallido,ECONNREFUSED
01010214111600,,fallido,ECONNREFUSED
01010214117230,,fallido,ECONNREFUSED
01010214113070,,fallido,ECONNREFUSED
01010214113080,,fallido,ECONNREFUSED
01010214114700,,fallido,ECONNREFUSED
01010214117290,,fallido,ECONNREFUSED
01010214105880,,fallido,value too long for type character varying(30)
01010214111490,,actualizado,
01010214117100,,actualizado,
01010214113660,,actualizado,
01010214111890,,actualizado,
01010214112360,,actualizado,
01010214113610,,actualizado,
01010214115550,,actualizado,
01010214117950,,actualizado,
01010214112480,,actualizado,
01010214111840,,actualizado,
01010202114470,,actualizado,
01010214115030,,actualizado,
01010214115990,,actualizado,
01010214113220,,actualizado,
01010214117120,,actualizado,
01010214113720,,actualizado,
01010214113700,,actualizado,
01010214116010,,actualizado,
01010214116260,,actualizado,
01010214116220,,actualizado,
01010214115150,,actualizado,
01010214115180,,actualizado,
01010214115590,,actualizado,
01010214115100,,actualizado,
01010214117130,,actualizado,
01010214111380,,actualizado,
01010214110840,,actualizado,
01010214115110,,actualizado,
01010214115560,,actualizado,
01010214113160,,actualizado,
01010101001460,,actualizado,
01010214115260,,actualizado,
01010214110480,,actualizado,
01010214116930,,actualizado,
01010214117370,,actualizado,
01010214112590,,actualizado,
01010214118020,,actualizado,
01010214117220,,actualizado,
01010214117090,,actualizado,
01010214110520,,actualizado,
01010214116110,,actualizado,
01010214114080,,actualizado,
01010202117980,,actualizado,
01010214111540,,actualizado,
01010214115980,,actualizado,
01010101001150,,actualizado,
01010214113630,,actualizado,
01010214116340,,actualizado,
01010214113120,,actualizado,
01010214116370,,actualizado,
01010214115170,,actualizado,
01010214117970,,actualizado,
01010214115210,,actualizado,
01010214113600,,actualizado,
01010214113680,,actualizado,
01010214116920,,actualizado,
01010202117140,,actualizado,
01010214110410,,actualizado,
01010214116160,,actualizado,
01010214110440,,actualizado,
01010214115620,,actualizado,
01010214116240,,actualizado,
01010214116090,,actualizado,
01010214116070,,actualizado,
01010214115970,,actualizado,
01010214116440,,actualizado,
01010214110020,,actualizado,
01010214116890,,actualizado,
01010214117110,,actualizado,
01010214116100,,actualizado,
01010214114000,,actualizado,
01010214116060,,actualizado,
01010214110260,,actualizado,
01010214116300,,actualizado,
01010214112640,,actualizado,
01010214118570,,actualizado,
01010214116380,,actualizado,
01010214112610,,actualizado,
01010214117930,,actualizado,
01010214110360,,actualizado,
01010214115660,,actualizado,
01010214116120,,actualizado,
01010214110380,,actualizado,
01010214118580,,actualizado,
01010214111350,,actualizado,
01010214112030,,actualizado,
01010214111970,,actualizado,
01010214110010,,actualizado,
01010214116880,,actualizado,
01010214113650,,actualizado,
01010214113730,,actualizado,
01010214113550,,actualizado,
01010214116280,,actualizado,
01010214115200,,actualizado,
01010214116270,,actualizado,
01010214116320,,actualizado,
01010214112510,,actualizado,
01010214113150,,actualizado,
01010214117080,,actualizado,
01010214116360,,actualizado,
01010214112350,,actualizado,
01010214117150,,actualizado,
01010214113690,,actualizado,
01010214116150,,actualizado,
01010214113760,,actualizado,
01010214112450,,actualizado,
01010214112470,,actualizado,
01010202112880,,actualizado,
01010214109440,,actualizado,
01010214108230,,actualizado,
01010214115540,,actualizado,
01010214112850,,actualizado,
01010214116330,,actualizado,
01010214115700,,actualizado,
01010214113590,,actualizado,
01010214111310,,actualizado,
01010214116720,,actualizado,
01010214109670,,actualizado,
01010202117440,,actualizado,
01010214111130,,actualizado,
01010214115640,,actualizado,
01010214111850,,actualizado,
01010214113490,,actualizado,
01010214117920,,actualizado,
01010214116000,,actualizado,
01010214109460,,actualizado,
01010214116420,,actualizado,
01010214110270,,actualizado,
01010214115580,,actualizado,
01010214118900,,actualizado,
01010214114790,,actualizado,
01010214118880,,actualizado,
01010214118870,,actualizado,
01010214116590,,actualizado,
01010214117510,,actualizado,
01010214112460,,actualizado,
01010214114390,,actualizado,
01010214116850,,actualizado,
01010214113710,,actualizado,
01010214118760,,actualizado,
01010214117070,,actualizado,
01010214116390,,actualizado,
01010214114750,,actualizado,
01010214118040,,actualizado,
01010214116690,,actualizado,
01010214115650,,actualizado,
01010214111870,,actualizado,
01010214111860,,actualizado,
01010214116250,,actualizado,
01010214116580,,actualizado,
01010214115220,,actualizado,
01010214111640,,actualizado,
01010214116200,,actualizado,
01010214104370,,actualizado,
01010214111650,,actualizado,
01010214114070,,actualizado,
01010214109510,,actualizado,
01010214116660,,actualizado,
01010214116400,,actualizado,
01010214116870,,actualizado,
01010214109470,,actualizado,
01010214110400,,actualizado,
01010214111900,,actualizado,
01010214110240,,actualizado,
01010214111610,,actualizado,
01010214118930,,actualizado,
01010214112920,,actualizado,
01010214119050,,actualizado,
01010214116310,,actualizado,
01010214118950,,actualizado,
01010214109130,,actualizado,
01010214118980,,actualizado,
01010214110640,,actualizado,
01010202115520,,actualizado,
01010214109660,,actualizado,
01010214112040,,actualizado,
01010214118060,,actualizado,
01010214116210,,actualizado,
01010214112630,,actualizado,
01010202115010,,actualizado,
01010202105440,,actualizado,
01010214113670,,actualizado,
01010214117420,,actualizado,
01010214114380,,actualizado,
01010214114450,,actualizado,
01010214111720,,actualizado,
01010214114870,,actualizado,
01010214112690,,actualizado,
01010214111040,,actualizado,
01010214109960,,actualizado,
01010214118190,,actualizado,
01010214115600,,actualizado,
01010214109700,,actualizado,
01010214111000,,actualizado,
01010214111100,,actualizado,
01010214111460,,actualizado,
01010214111010,,actualizado,
01010214112490,,actualizado,
01010214111320,,actualizado,
01010214111330,,actualizado,
01010214111670,,actualizado,
01010214115570,,actualizado,
01010101001390,,actualizado,
01010214115630,,actualizado,
01010202110300,,actualizado,
01010202101100,,actualizado,
01010214117320,,actualizado,
01010214109840,,actualizado,
01010214116520,,actualizado,
01010214111880,,actualizado,
01010214112820,,actualizado,
01010214111170,,actualizado,
01010214111190,,actualizado,
01010214114680,,actualizado,
01010214118170,,actualizado,
01010214115690,,actualizado,
01010206104710,,actualizado,
01010214109380,,actualizado,
01010214114580,,actualizado,
01010214107460,,actualizado,
01010214112390,,actualizado,
01010214107060,,actualizado,
01010214110280,,actualizado,
01010214115860,,actualizado,
01010214114610,,actualizado,
01010214117990,,actualizado,
01010214112380,,actualizado,
01010202106640,,actualizado,
01010214114720,,actualizado,
01010214110800,,actualizado,
01010214113170,,actualizado,
01010214113210,,actualizado,
01010214110090,,actualizado,
01010214113350,,actualizado,
01010214115740,,actualizado,
01010214116290,,actualizado,
01010214116910,,actualizado,
01010214114710,,actualizado,
01010214115250,,actualizado,
01010214111780,,actualizado,
01010214116780,,actualizado,
01010214109910,,actualizado,
01010214112060,,actualizado,
01010214109390,,actualizado,
01010214113270,,actualizado,
01010214103800,,actualizado,
01010214105770,,actualizado,
01010214114690,,actualizado,
01010214115470,,actualizado,
01010214110470,,actualizado,
01010214119160,,actualizado,
01010214111810,,actualizado,
01010214119190,,actualizado,
01010214108440,,actualizado,
01010214114480,,actualizado,
01010214116450,,actualizado,
01010214115730,,actualizado,
01010214110660,,actualizado,
01010214110050,,actualizado,
01010214114660,,actualizado,
01010214118150,,actualizado,
01010214113740,,actualizado,
01010214112600,,actualizado,
01010214111030,,actualizado,
01010214106610,,actualizado,
01010202111080,,actualizado,
01010214109770,,actualizado,
01010202113400,,actualizado,
01010214114810,,actualizado,
01010214113540,,actualizado,
01010214112770,,actualizado,
01010214116670,,actualizado,
01010214118080,,actualizado,
01010214115890,,actualizado,
01010214110690,,actualizado,
01010214110460,,actualizado,
01010214116410,,actualizado,
01010214115820,,actualizado,
01010214114530,,actualizado,
01010214116640,,actualizado,
01010214118770,,actualizado,
01010214115130,,actualizado,
01010214117570,,actualizado,
01010214116500,,actualizado,
01010202102450,,actualizado,
01010214118890,,actualizado,
01010214108670,,actualizado,
01010214116760,,actualizado,
01010202107530,,actualizado,
01010202118850,,actualizado,
01010202108660,,actualizado,
01010202115900,,actualizado,
01010214117720,,actualizado,
01010214115400,,actualizado,
01010202102940,,actualizado,
01010214111230,,actualizado,
01010214109630,,actualizado,
01010214112370,,actualizado,
01010214112200,,actualizado,
01010202118910,,actualizado,
01010214118860,,actualizado,
01010214118750,,actualizado,
01010214108710,,actualizado,
01010214108700,,actualizado,
01010202115090,,actualizado,
01010202115080,,actualizado,
01010214104910,,actualizado,
01010214106660,,actualizado,
01010214108270,,actualizado,
01010214104570,,actualizado,
01010214115460,,actualizado,
01010214103370,,actualizado,
01010214108680,,actualizado,
01010214110580,,actualizado,
01010214115160,,actualizado,
01010214115190,,actualizado,
01010214117160,,actualizado,
01010214112700,,actualizado,
01010214105470,,actualizado,
01010214114780,,actualizado,
01010214109590,,actualizado,
01010214110540,,actualizado,
01010214118840,,actualizado,
01010214109450,,actualizado,
01010214109230,,actualizado,
01010214116190,,actualizado,
01010214111820,,actualizado,
01010214110370,,actualizado,
01010407301710,,actualizado,
01010214115350,,actualizado,
01010214107640,,actualizado,
01010202101800,,actualizado,
01010214115770,,actualizado,
01010214108690,,actualizado,
01010214106750,,actualizado,
01010214108790,,actualizado,
01010214114040,,actualizado,
01010214118410,,actualizado,
01010214105260,,actualizado,
01010214104850,,actualizado,
01010214106020,,actualizado,
01010214108050,,actualizado,
01010214104860,,actualizado,
01010214113140,,actualizado,
01010214105010,,actualizado,
01010202105710,,actualizado,
01010214117560,,actualizado,
01010202105740,,actualizado,
01010214110550,,actualizado,
01010214113640,,actualizado,
01010214104430,,actualizado,
01010214110980,,actualizado,
01010214110620,,actualizado,
01010214104440,,actualizado,
01010214116020,,actualizado,
01010214111340,,actualizado,
01010214108170,,actualizado,
01010214117180,,actualizado,
01010214106800,,actualizado,
01010214109100,,actualizado,
01010214108100,,actualizado,
01010214109010,,actualizado,
01010214117690,,actualizado,
01010214104040,,actualizado,
01010214109200,,actualizado,
01010214103610,,actualizado,
01010214117200,,actualizado,
01010214111590,,actualizado,
01010214116230,,actualizado,
01010214112660,,actualizado,
01010214106940,,actualizado,
01010214104750,,actualizado,
01010214111480,,actualizado,
01010214117580,,actualizado,
01010214106360,,actualizado,
01010202102690,,actualizado,
01010214106420,,actualizado,
01010214118990,,actualizado,
01010214115870,,actualizado,
01010214107600,,actualizado,
01010214118940,,actualizado,
01010214107570,,actualizado,
01010214118970,,actualizado,
01010202108260,,actualizado,
01010214116980,,actualizado,
01010214103840,,actualizado,
01010214108780,,actualizado,
01010202106090,,actualizado,
01010101000990,,actualizado,
01010214105310,,actualizado,
01010214108930,,actualizado,
01010214118920,,actualizado,
01010214119000,,actualizado,
01010214113800,,actualizado,
01010214108880,,actualizado,
01010214104090,,actualizado,
01010214106920,,actualizado,
01010214119040,,actualizado,
01010214113480,,actualizado,
01010214116130,,actualizado,
01010214104010,,actualizado,
01010214117330,,actualizado,
01010214105220,,actualizado,
01010214119010,,actualizado,
01010214107960,,actualizado,
01010214103850,,actualizado,
01010214112940,,actualizado,
01010202114360,,actualizado,
01010214115530,,actualizado,
01010214103980,,actualizado,
01010214118960,,actualizado,
01010214116350,,actualizado,
01010214107920,,actualizado,
01010214115050,,actualizado,
01010214106990,,actualizado,
01010214113560,,actualizado,
01010214107830,,actualizado,
01010214116080,,actualizado,
01010214105300,,actualizado,
01010214108770,,actualizado,
01010214112860,,actualizado,
01010303200670,,actualizado,
01010214106430,,actualizado,
01010214104540,,actualizado,
01010214119020,,actualizado,
01010214105290,,actualizado,
01010202117600,,actualizado,
01010214107740,,actualizado,
01010214115800,,actualizado,
01010214108300,,actualizado,
01010214104880,,actualizado,
01010214114730,,actualizado,
01010214115750,,actualizado,
01010214117710,,actualizado,
01010214103090,,actualizado,
01010214112410,,actualizado,
01010214112580,,actualizado,
01010214112440,,actualizado,
01010214114020,,actualizado,
01010214110780,,actualizado,
01010202101400,,actualizado,
01010214109690,,actualizado,
01010214113960,,actualizado,
01010214116550,,actualizado,
01010214116840,,actualizado,
01010214117960,,actualizado,
01010214117530,,actualizado,
01010214115020,,actualizado,
01010214112070,,actualizado,
01010214109870,,actualizado,
01010202115450,,actualizado,
01010214114950,,actualizado,
01010214108090,,actualizado,
01010214114940,,actualizado,
01010214117900,,actualizado,
01010214119090,,actualizado,
01010214111930,,actualizado,
01010214107670,,actualizado,
01010214108910,,actualizado,
01010214118030,,actualizado,
01010214105110,,actualizado,
01010214108500,,actualizado,
01010214109310,,actualizado,
01010214108470,,actualizado,
01010214111620,,actualizado,
01010214107690,,actualizado,
01010214105160,,actualizado,
01010214110430,,actualizado,
01010214114770,,actualizado,
01010214111110,,actualizado,
01010214111290,,actualizado,
01010214119100,,actualizado,
01010214119120,,actualizado,
01010214119110,,actualizado,
01010214114920,,actualizado,
01010214104300,,actualizado,
01010214119140,,actualizado,
01010214107260,,actualizado,
01030214130090,,actualizado,
01010214117650,,actualizado,
01010214107440,,actualizado,
01010214111710,,actualizado,
01010214117480,,actualizado,
01010214114560,,actualizado,
01010214119130,,actualizado,
01010214105750,,actualizado,
01010214103670,,actualizado,
01010214118160,,actualizado,
01010214115280,,actualizado,
01010214119030,,actualizado,
01010202109750,,actualizado,
01010214106140,,actualizado,
01010214119070,,actualizado,
01010214119060,,actualizado,
01010214115510,,actualizado,
01010214107540,,actualizado,
01010214110730,,actualizado,
01010214108200,,actualizado,
01010214107820,,actualizado,
01010214107660,,actualizado,
01010202117350,,actualizado,
01010214105820,,actualizado,
01010214104330,,actualizado,
01010214107860,,actualizado,
01010214109020,,actualizado,
01010214117340,,actualizado,
01010214103860,,actualizado,
01010214116530,,actualizado,
01010214114890,,actualizado,
01010214119170,,actualizado,
01010214104240,,actualizado,
01010202117680,,actualizado,
01010214119200,,actualizado,
01010202102560,,actualizado,
01010214107970,,actualizado,
01010214111730,,actualizado,
01010214115040,,actualizado,
01010214105090,,actualizado,
01010214108370,,actualizado,
01010202112790,,actualizado,
01010214108830,,actualizado,
01010214108510,,actualizado,
01010214115850,,actualizado,
01010202108250,,actualizado,
01010202102180,,actualizado,
01010214108490,,actualizado,
01010214114010,,actualizado,
01010214106530,,actualizado,
01010214119180,,actualizado,
01010214118320,,actualizado,
01010214106460,,actualizado,
01010214110160,,actualizado,
01010214112500,,actualizado,
01010214110150,,actualizado,
01010214110130,,actualizado,
01010214106110,,actualizado,
01010214115500,,actualizado,
01010214108810,,actualizado,
01010214115390,,actualizado,
01010214110500,,actualizado,
01010214108620,,actualizado,
01010214111240,,actualizado,
01010214119150,,actualizado,
01010214109170,,actualizado,
01010214111280,,actualizado,
01010214106130,,actualizado,
01010214108410,,actualizado,
01010214107020,,actualizado,
01010214105410,,actualizado,
01010214117400,,actualizado,
01010214106030,,actualizado,
01010214107030,,actualizado,
01010202115000,,actualizado,
01010214116570,,actualizado,
01010214105730,,actualizado,
01010214117030,,actualizado,
01010202107800,,actualizado,
01010214114760,,actualizado,
01010214109830,,actualizado,
01010214110890,,actualizado,
01010202106000,,actualizado,
01010202114630,,actualizado,
01010202117910,,actualizado,
01010214107840,,actualizado,
01010214104890,,actualizado,
01010303200720,,actualizado,
01010214107790,,actualizado,
01010214111530,,actualizado,
01010214107450,,actualizado,
01010214112000,,actualizado,
01010214105180,,actualizado,
01010214104320,,actualizado,
01010214110810,,actualizado,
01010214112550,,actualizado,
01010214116170,,actualizado,
01010214108760,,actualizado,
01010214111660,,actualizado,
01010214108600,,actualizado,
01010214117450,,actualizado,
01010214109900,,actualizado,
01010214106680,,actualizado,
01010214116050,,actualizado,
01010214105690,,actualizado,
01010214115380,,actualizado,
01010202102430,,actualizado,
01010214108210,,actualizado,
01010202102050,,actualizado,
01010214105190,,actualizado,
01010214116970,,actualizado,
01010214112760,,actualizado,
01010214111160,,actualizado,
01010214103700,,actualizado,
01010202108040,,actualizado,
01010214118220,,actualizado,
01010214114840,,actualizado,
01010214106670,,actualizado,
01010214107850,,actualizado,
01010214107200,,actualizado,
01010202102730,,actualizado,
01010214107680,,actualizado,
01030214130110,,actualizado,
01010202107090,,actualizado,
01010214113430,,actualizado,
01010214115960,,actualizado,
01010214109160,,actualizado,
01010214109800,,actualizado,
01010214108420,,actualizado,
01010214109040,,actualizado,
01010202104820,,actualizado,
01010214111090,,actualizado,
01010214116710,,actualizado,
01010214105550,,actualizado,
01010214104000,,actualizado,
01010214116770,,actualizado,
01010214111990,,actualizado,
01010214106510,,actualizado,
01010214117590,,actualizado,
01010214113770,,actualizado,
01010214109740,,actualizado,
01010202117820,,actualizado,
01010214110650,,actualizado,
01010214103950,,actualizado,
01010214106390,,actualizado,
01010214114860,,actualizado,
01010214111220,,actualizado,
01010214109400,,actualizado,
01010214107360,,actualizado,
01010214103920,,actualizado,
01010214107040,,actualizado,
01010214104990,,actualizado,
01010214110070,,actualizado,
01010214109360,,actualizado,
01010214108110,,actualizado,
01010214105330,,actualizado,
01010202101450,,actualizado,
01010214106170,,actualizado,
01010214104810,,actualizado,
01010214109410,,actualizado,
01010214109270,,actualizado,
01010214104530,,actualizado,
01010214108020,,actualizado,
01010202107310,,actualizado,
01010214105520,,actualizado,
01010214117640,,actualizado,
01010214103710,,actualizado,
01010214103680,,actualizado,
01010202107240,,actualizado,
01010202110250,,actualizado,
01010202106620,,actualizado,
01010202109080,,actualizado,
01010214110740,,actualizado,
01010214106400,,actualizado,
01010214114930,,actualizado,
01010202107290,,actualizado,
01010214107550,,actualizado,
01010214105370,,actualizado,
01010214111580,,actualizado,
01010214107410,,actualizado,
01010214110630,,actualizado,
01010214113060,,actualizado,
01010214107180,,actualizado,
01010202117700,,actualizado,
01010202106740,,actualizado,
01010214111920,,actualizado,
01010214105990,,actualizado,
01010214105580,,actualizado,
01010202106500,,actualizado,
01010214117050,,actualizado,
01010202102340,,actualizado,
01010214109280,,actualizado,
01010202104780,,actualizado,
01010214108000,,actualizado,
01010214104070,,actualizado,
01010112000640,,actualizado,
01010202109070,,actualizado,
01010202102350,,actualizado,
01010202104900,,actualizado,
01010214110350,,actualizado,
01010214103290,,actualizado,
01010202105060,,actualizado,
01010214105280,,actualizado,
01010214107190,,actualizado,
01010214105080,,actualizado,
01010202102090,,actualizado,
01010214107130,,actualizado,
01010214108560,,actualizado,
01010214108330,,actualizado,
01010214104110,,actualizado,
01010206101510,,actualizado,
01010214109350,,actualizado,
01010214102910,,actualizado,
01010214114050,,actualizado,
01010202106450,,actualizado,
01010214108630,,actualizado,
01010214107210,,actualizado,
01010214110590,,actualizado,
01010202117810,,actualizado,
01010214104480,,actualizado,
01010101001120,,actualizado,
01010214108290,,actualizado,
01010214108610,,actualizado,
01010214109620,,actualizado,
01010214110080,,actualizado,
01010214103540,,actualizado,
01010214105030,,actualizado,
01010202102070,,actualizado,
01010214111150,,actualizado,
01010214108460,,actualizado,
01010214111360,,actualizado,
01010202106320,,actualizado,
01010202117190,,actualizado,
01010214115120,,actualizado,
01010101001190,,actualizado,
01010101001230,,actualizado,
01010214106340,,actualizado,
01010214105490,,actualizado,
01010214115940,,actualizado,
01010214108070,,actualizado,
01010214105930,,actualizado,
01010214108150,,actualizado,
01010214118050,,actualizado,
01010214115930,,actualizado,
01010214117740,,actualizado,
01010214111520,,actualizado,
01010214113970,,actualizado,
01010214115950,,actualizado,
01010214108380,,actualizado,
01010214103740,,actualizado,
01010214112950,,actualizado,
01010214117520,,actualizado,
01010214105320,,actualizado,
01010214116990,,actualizado,
01010214113000,,actualizado,
01010214119080,,actualizado,
01010214104340,,actualizado,
01010202113040,,actualizado,
01010214113570,,actualizado,
01010214112840,,actualizado,
01010214108080,,actualizado,
01010214113930,,actualizado,
01010202110040,,actualizado,
01010214118210,,actualizado,
01010214107780,,actualizado,
01010202106270,,actualizado,
01010214109050,,actualizado,
01010214111910,,actualizado,
01010214117210,,actualizado,
01010101001170,,actualizado,
01010214118100,,actualizado,
01010214118200,,actualizado,
01010214105390,,actualizado,
01010214109180,,actualizado,
01010214104160,,actualizado,
01010214114430,,actualizado,
01010214117540,,actualizado,
01010214113530,,actualizado,
01010214108220,,actualizado,
01010214116040,,actualizado,
01010214106240,,actualizado,
01010101001040,,actualizado,
01010214106490,,actualizado,
01010214104120,,actualizado,
01010214106540,,actualizado,
01010214109060,,actualizado,
01010202103590,,actualizado,
01010214109950,,actualizado,
01010214106280,,actualizado,
01010214112970,,actualizado,
01010214106250,,actualizado,
01010214107220,,actualizado,
01010214113010,,actualizado,
01010214112890,,actualizado,
01010214114990,,actualizado,
01010214109500,,actualizado,
01010214110960,,actualizado,
01010214108190,,actualizado,
01010214106600,,actualizado,
01010214117240,,actualizado,
01010214109340,,actualizado,
